<?xml version="1.0" encoding="UTF-8"?>
<beans xmlns="http://www.springframework.org/schema/beans"
	xmlns:xsi="http://www.w3.org/2001/XMLSchema-instance"
	xsi:schemaLocation="http://www.springframework.org/schema/beans http://www.springframework.org/schema/beans/spring-beans.xsd">

	<bean id="developpeur" class="org.mdw.demo.Developpeur">
		<property name="nom" value="Olivier" />
		<property name="anneeExperience">
			<value>7</value>
		</property>
	</bean>



	<bean id="chefDeveloppeur" class="org.mdw.demo.Developpeur">
		<property name="nom" value="Franck" />


		<property name="anneeExperience">
			<value>10</value>
		</property>
	</bean>
	
	
	
	<bean id="societeDevLogiciel" class="org.mdw.demo.SocieteDevLogiciel">
		<property name="chefDeveloppeur" ref="chefDeveloppeur" />
		<property name="developpeur" ref="developpeur"/>
			
		
	</bean>





</beans>
